first_name,last_name
Hilari,Morton
Ohad,Esposito
Dipayan,Seghrouchni
Takahito,Gecsei
Kokou,Iisaka
Make,Baba
Teunis,Noriega
Lech,Himler
Juyoung,Seghrouchni
Jeanna,Riesenhuber
Hideo,Daescu
Mario,Cochrane
Yongmao,Zwicker
Keiichiro,Glinert
Rasiah,Sudkamp
Morrie,Schurmann
Kazuhiko,Sidou
Angus,Chelton
Denny,Tchuente
Sudhanshu,Demian
Magdalena,Cannard
Caolyn,Setiz
Sastry,Marrevee
Richard,Sinitsyn
Nakhoon,Luga
Nikolaos,Kruskal
Bouchung,Bugrara
Geoff,Soicher
Arvin,Rabejac
Remmert,Schahn
Gaurav,Swick
Morris,Garigliano
Berry,DeMori
Yaghout,Kenevan
Zengping,Boreale
Teiji,Picco
Gennady,Roison
Gro,Gini
Filipp,Carrere
Mabhin,Calkin
Adil,Matzke
Denis,Falster
Filipp,Rousseau
Stafford,Honglei
Surveyors,Crouzet
Taiji,Jarecki
Elzbieta,Morris
Satoru,Yoshizawa
Ziva,Kowalchuk
Utz,Heuter
Kazunori,Peak
Rafael,Skafidas
Vidar,Demri
Candida,Benveniste
Christoph,Trystram
Valeri,Escriba
Heejo,Brodie
Otmar,Rothenberg
Jianhui,Cangellaris
Piyush,Danecki
Alagu,Luders
Yongmin,Lanteri
Karsten,Azadmanesh
Mohammed,Brizzi
Sangeeta,Georg
Huai,Birch
Perla,Jumpertz
Jasminko,Bresenham
Barry,Unno
Rutger,Binkley
Manibrata,Genther
Hilari,Fairtlough
Jaana,Perez
Abdelaziz,Atrawala
Roddy,Rubsam
Lubomir,Wroclawski
Zhonghui,Conta
Dannz,Grospietsch
Anwar,Passafiume
Cordelia,Gischer
Ingmar,Basawa
Bilhanan,Karcich
Shietung,Billingsley
Berto,Bruckman
Nevin,Rodham
Jiakeng,Kalorkoti
Zongyan,Dalphin
Chenyi,Plump
Wanqing,Krohm
Piyawadee,Leppanen
Shuji,Kandlur
Manu,Rosiles
Falguni,Pezzoli
Tooru,Veldwijk
KayLiang,Miyakawa
Xinglin,Mitsuhashi
Mayuko,Vitiello
Chenxi,Sundgren
Tua,Giveon
Xumin,Thorensen
Gilbert,Calkin
Satoru,Vidal
Valery,Mersereau
Kolar,Steenbeek
Jouko,Hellwagner
Pranay,Giarratana
Kousuke,Vecchio
Tetsushi,Conta
Mayuko,Skafidas
Leon,Potthoff
Randi,Avouris
Sailaja,Chvatal
Yishai,Terlouw
Gudjon,Majewski
Yakkov,Samarati
Divine,Sidhu
Tuval,Waleschkowski
Leandro,Gist
Abdelwaheb,Dulin
Oksana,Zultner
Harngdar,Schapire
Mark,Lalonde
Qingxiang,Gewali
Toong,Veldwijk
Murthy,Peek
Terresa,Peres
Atreye,Stanger
Piyush,Paciorek
Ingmar,Nannarelli
Radoslaw,Maliniak
Tadahiko,Melton
Jessie,Thorelli
Steen,Fasbender
Adamantios,Vanwelkenhuysen
Clyde,Swift
Anwar,Collette
Angel,Sichman
Kyoichi,Callaway
Chinhyun,Bauknecht
Naftaly,Foong
Felicidad,Kumaresan
Erzsebet,Shigei
Moni,Kohling
Ennio,Babu
Bokyung,Stamatiou
Jiang,Waschkowski
Leif,Ashish
Chandrasekaran,Peek
Ashish,Talmon
Oscar,Kusalik
Ulf,Oberman
Serif,Gladwell
Fen,Genin
Uma,Reinhard
Hailing,Levergood
Kotesh,Rajala
Jeong,Undy
Berni,Stranks
Nakhoon,Buescher
Suzette,Butterworth
Ulf,Himler
Michaela,Randi
Masasuke,Babu
Fumiko,Deverell
JoAnne,Baez
Huei,Orsini
Shuichi,Ruemmler
Martijn,Vendrig
Changho,Cappelli
Constantijn,Awdeh
Rimon,Kawashima
Mahmut,Lampe
Otmar,Sudbeck
Toshiki,Ghazalie
Sudhanshu,Boissier
Spyrose,Felder
Harngdar,Bernardinello
Wayne,Erev
Michaela,Ramsak
Shimshon,Aingworth
Youpyo,Castellani
Marla,Cherinka
Petter,Thummel
Bikash,Buchter
Willard,Vernadat
Keung,Schapiro
Xiong,Uhrik
Uno,Heyers
Yucai,Simmen
Shuji,Remmers
Brigham,Eterovic
Shaleah,Eickenmeyer
Yucel,Lortz
Maha,Waterhouse
Ottavia,Mitsuhashi
Huei,Boguraev
Phillip,Oxenboll
Alenka,Ritcey
Maria,Eppinger
Mingzeng,Sadowski
Mark,Schwaller
Volkmar,Uhrik
Sariel,Wynblatt
Dulce,Speel
Masoud,Genin
Zhaofang,Penn
Weiye,Masand
Mrinalini,Strooper
Wuxu,Trogemann
Yaghout,Peng
Junsik,Berendt
Tooru,Daescu
Pasqua,Maraist
Toong,Litecky
Marco,Usdin
Gonzalo,Binkley
Naraig,Jenevein
Juyoung,Vieri
Edwin,Haldar
Sariel,Massonet
Hitomi,Schaap
Leen,Lamparter
Yuichiro,Malabarba
Filipp,Akaboshi
Kazuhisa,Benantar
Filipp,Flanders
Lena,Peek
Tze,Bach
Siddarth,Cappelletti
Baocai,Leaver
Xinan,Rindone
Mooi,Stafford
Sumali,Kushner
Aron,Harbusch
Slavian,Yemenis
Boguslaw,Snedden
Marie,Khalid
Chriss,Fasbender
Theirry,Albarhamtoshy
Youngkon,Rohrbach
Fumiko,Mundy
Rosine,Lakshmanan
Slavian,Munawer
Remmert,Munke
Chikako,Armand
Phule,Heijenga
Trygve,Krupka
Adas,Denti
Jouni,Munoz
Augustine,Mungall
Arup,Colorni
Shugo,Yurek
Alain,Penn
Khalil,Picci
Lobel,Werthner
Mechthild,Lamma
Premsyl,Lortz
Eberhardt,Carrera
Sham,Vasanthakumar
Zdislav,Mandelberg
Jiafu,Marchegay
Manu,Erva
Bodo,Schade
Olivera,Pargaonkar
Arnould,Gaughan
Shaowen,Segond
Etsuo,Serot
Sumant,Nergos
Breannda,Cangellaris
Toshiko,Alblas
Adit,Syrotiuk
Ulf,Ranft
Shih,Lindqvist
Jianwen,Litzler
Adin,Scallan
Makato,Remmers
Remzi,Douceur
Sigeru,Nivat
Olivera,Hanabata
Roded,Picco
Nagui,Gruenwald
Menkae,Chinin
Sanjoy,Boudaillier
Paloma,Benzaken
Bezalel,Karner
Shigenori,Sullins
Kiyotoshi,Kusalik
Mariusz,Vural
Ziya,Zambonelli
Yechiam,Cairo
Sungwon,Asser
Gennady,Liesche
Palash,Trelles
Ronnie,Pollock
Zissis,Bazzichi
Zita,Hiltgen
Saeko,Baik
Zsolt,Riefers
Steen,Salvesen
Heekeun,Emmart
Surveyors,Bade
Erzsebet,Claffy
Jeanna,Stemann
Moty,Mersereau
Bedir,Siegrist
Rildo,Masaki
Tetsushi,Sridhar
Leszek,Werthner
Cheong,Uhrik
Dannz,Ohori
Kasidit,Papsdorf
Hauke,Templeman
Woody,Rusmann
Sastry,Reeken
Heeju,Cappelli
Karlis,Nanard
Mihalis,Haldar
Adel,Bressoud
Akeel,Litzler
Tetsushi,Tanemo
Hiroyasu,Seuren
Hinrich,Scallan
Padma,Peres
Heekeun,Slaats
Falguni,Cherinka
Sedat,Itzigehl
Laurentiu,Benzmuller
Golgen,Schoegge
Faiza,Zongker
Tsutomu,Rebaine
Atilio,Segond
Zsolt,Brender
Shin,Piveteau
Krister,Pappas
Eldridge,Eldridge
Chandrasekaran,Peral
Jeane,Tasistro
Aksel,Picaronny
Patricia,Pepe
Mandell,Alameldin
Domenico,Candan
Dung,Leaver
Jianhao,Tomescu
Deniz,Thibadeau
Yonghong,Baig
Aiman,Rosaz
Sadok,Lorys
Fumitaka,Roohalamini
Aiman,Gargeya
Kristinn,Pearson
Marl,Thiria
Fumiko,Bodoff
Munenori,Debuse
Yucai,Seghrouchni
Chinhyun,Rassart
Jaques,DiGiano
Shietung,Shrader
Shuky,Redmiles
Miyeon,Rothe
Chinya,Cooke
Lalit,Unni
Tru,Miyakawa
Behnaam,Angelov
Arumugam,Nitta
Domenick,Basart
Sajjad,Vitiello
Pranjal,Schapiro
Kinh,Buchter
Cathie,Peck
Kristinn,Olano
Hitomi,Takanami
Adil,Laventhal
Sajjad,Waeselynck
Feiyu,Siepmann
Naraig,Veldwijk
Honglan,Hutton
Takahira,Szilard
Froduald,Feldhoffer
Shigeo,Merey
Qingxiang,Badache
Anneke,Bernardeschi
Aiichiro,Castellani
Bartek,Cappello
Holgard,Weiland
Jaihie,Vilarrasa
Hiroyasu,Provine
Kolar,Garigliano
Masako,Bonifati
Yuuichi,Conde
Zissis,Birch
Shuky,Jakobus
Clyde,Vrecion
Kyoichi,Erman
Jahangir,Radhakrishnan
Marsal,Otillio
Chiradeep,Meriste
Kolar,Hinsberger
Arif,Preusig
Parviz,Duclos
Keung,Ferriere
Tristan,Mitsuhashi
Mariusz,Weiland
Faiza,Garnham
Tesuro,Nicolson
Xinglin,Birge
Niranjan,Schaaf
Ronghao,Picaronny
Fabrizio,Anick
Ashish,Ratnaker
Teiji,Hinsberger
Susumu,Fritzsche
Leucio,Cappelli
Conor,Ghandeharizadeh
Katsuo,Hockney
Guiseppe,Ellozy
Tsuneo,Servi
Denny,Griswold
Jeong,Cunliffe
Arnd,Peir
Marl,Litzkow
Make,Remmers
Sanjoy,Barreiro
Fei,Murtagh
Kazuhisa,Weiland
Shakhar,Baik
Stella,Figueira
Kwan,Gide
Shaowen,Eldridge
Rimli,Huttel
Koldo,Luit
Shigeo,Linnainmaa
Harjit,Bardell
Jaewon,Boissier
Marco,Klerer
Larisa,Kornyak
Gen,Aloisi
Divine,Ghandeharizadeh
Sreekrishna,Brender
Yechezkel,Perfilyeva
Poornachandra,Wilharm
Stevo,Thambidurai
Uwe,Koblick
Shigeu,Claffy
Alselm,Rikino
Francesca,Ellozy
Shigeichiro,Engelmann
Breannda,Collavizza
Leaf,Baak
Ohad,Kilgore
Manohar,Harllee
Shunichi,Solovay
Zsolt,Hagimont
Babette,Eugenio
Zejun,Roisin
Shuichi,Nanard
Eberhardt,Barriga
Denny,Cheshire
Kristina,Baumann
Shiv,Aumann
Janalee,Loncour
Tommaso,Vidya
Sverrir,Neimat
Parke,Unno
Shin,Fujisaki
Ferdinand,Rosiles
Younwoo,Luders
Chiradeep,Callaway
Yongdong,Pollock
Udi,Merks
Pasqua,Taubman
Kristine,Clemencon
Maia,Berstel
Ronghao,Segond
Jaewon,Thummel
Oldrich,Woycyznski
Zhenhua,Lorys
JoAnne,Anido
Keung,Neiman
Quingbo,Coombs
Mikhail,Gimbel
Khun,Janetzko
Yongmin,Roccetti
Conor,Thorensen
Goo,Bresenham
Manohar,Karcich
Lena,Cannane
Jungsoon,Birsak
Vasiliy,Ratnaker
Vojin,Coombs
Mang,Hedayat
Otmar,Birjandi
Tetsushi,Theuretzbacher
Conal,Yetto
Along,Erol
Mansur,Comyn
Kazuhira,Seiwald
Guther,Rothenberg
Pranjal,Rossi
Aiman,Mawatari
Xiadong,Shinomoto
Alexius,Ibel
Arnould,Weedman
Vivian,Guerreiro
Renny,Bale
Brigham,Luiz
Bader,Denis
Koichi,Assaf
Magy,Eiron
Fumiko,Chepyzhov
Yonghoan,Trogemann
Rajmohan,DasSarma
Kazuhisa,Melter
Lucien,Schwartzburd
Yahiko,Hebden
Gunilla,Milicic
Remmert,Plumb
Lobel,Stafford
Jamaludin,Nilsson
Siamak,Janocha
Dmitry,Msuda
Nikolaus,Swen
Jianwen,Jakobus
Aria,Kilgore
Girolamo,Bellmore
Visit,McFarlan
Zhanqiu,Farrow
Ranga,Merro
Mang,Atchley
Claude,Candan
Anyuan,Kropatsch
Huei,Hutter
Jaques,Kabayashi
Richara,Walston
Magdalena,Penn
Arie,Coullard
Kristina,Neimat
Rimli,Werthner
Gift,Brender
Bernardo,Vasanthakumar
Ramzi,Cronau
Aran,Cesareni
Bilhanan,Marrakchi
Kazuyasu,Sridhar
Hitofumi,Zaccaria
Shigenori,Stanfel
Heping,Matheson
Yishai,Cappelli
Kristin,Guerreiro
Rasiah,Koblick
Alair,Lyonns
Gianluca,Ramaiah
Kristinn,Loncour
Abdulah,Hofstetter
Nobuyoshi,Hegner
Pranay,Rebaine
Kokou,Garrabrants
Mohan,Tasistro
Arumugam,Vecchio
Jeanna,Chinen
Anwar,Riexinger
Haldon,Janetzko
Avishai,Hegner
Moie,Karunanithi
Sumali,Huttel
Ziya,Kadhim
Giao,Junot
Florina,Assaf
Shugo,Reeken
Xiaobin,Christianini
Carrsten,Francisci
Dhritiman,Anily
Mahendra,Motley
Hisao,Peral
Kazuhide,Harnett
Heejo,Aamodt
Nectarios,Munos
Abdelaziz,Sury
Mori,Homond
Mantis,Millington
Adin,Templeman
Waiman,Dalton
Doowon,Highland
Djenana,Albarhamtoshy
Visit,Swen
Susanne,Peternell
Beshir,Hellwagner
Heping,Halloran
Pranjal,Zyda
Werner,Lodder
Zongyan,Auyong
Parviz,Litzler
Jaber,Kleiser
Kwun,Reeker
Diederik,Matzov
Mohamadou,Stafford
Haldun,Lienhardt
Yechiam,Egerstedt
Sachem,Cromarty
Vidar,Thibadeau
Naftali,Schurmann
Nevio,Thisen
Otilia,Speek
Lijie,Garrabrants
Babette,Anandan
Horward,Begiun
Siamak,Luiz
Fabrizio,Chleq
Shahab,Crooks
Ramya,Walston
Hisao,Ghemri
Randi,Samarati
Shai,Stellhorn
Oksana,Baek
Jamaludin,Kandlur
Gor,Delgrande
Moty,Winter
Bangqing,Schach
Chenye,Zizka
Menkae,Etalle
Xiaobin,DuBourdieux
Stamatina,Auyong
Jamaludin,Lalonde
Mani,Cannata
Huan,Perko
Arco,Walston
Hatem,Fadgyas
Godehard,Chorvat
Slavian,Cincotta
Shahab,Luit
Chuanti,Luff
Akemi,Fujisaki
Kirk,Quaggetto
Dinah,Denos
Susumu,Camurati
Odinaldo,Bridgland
Alejandra,Khasidashvili
Anneli,Perl
Fan,Kakkad
Genta,Terekhov
Waiman,Genin
Sudharsan,DeMori
Annemarie,Peternell
Ortrun,Schmiedel
Gully,Perko
Zvonko,Murthy
Morris,Saoudi
Dharmaraja,Merlo
Kerhong,Matzke
Isaac,Koshino
Giordano,Pietrzykowski
Hugh,Jonsson
Zongyan,Gips
Ewing,DiGiano
Claude,Kemmerer
Sasan,Thimonier
Yefim,Marwedel
Jessie,Nooteboom
Susuma,Bergere
Arve,Worfolk
Gretta,Huttel
Hein,Lichtner
Franziska,Maginnis
Susanne,Mandelberg
Yahiko,Awdeh
Moni,Kornyak
Leszek,Spinelli
Masasuke,Makinen
Mary,Setiz
Stabislas,Broder
Kien,Barreiro
Youjian,Yetto
Limsoon,Skafidas
Aiichiro,Kusalik
Temple,Joslin
Yucai,Fabrizio
Guadalupe,Pfau
Vasilii,Cochrane
Tzu,Sichman
Jacqueline,Akaboshi
Zhiguo,Ariola
Kellie,Schrooten
Shuji,Barbanera
Baziley,Falck
Chinya,Kamble
Remko,Vieth
Manu,Rothenberg
Shen,Flanders
Larisa,Lukaszewicz
Phillip,Schade
Pranjal,Juneja
Xinyu,Edelhoff
Krassimir,Garnier
Adhemar,Leonhardt
Dante,Covnot
Tianruo,Bratten
Nimmagadda,Baak
Roded,Veevers
Shalesh,Lovengreen
Lihong,Zeilberger
Gino,Lagarias
Adam,Besancenot
Arco,Crouzet
Saniya,Stenning
Werner,Ranze
Zhonghua,Snyers
Domenico,Ratnaker
Gao,Ranze
Anwar,Bain
Tomokazu,Byoun
Leni,Henders
Debatosh,Rajala
Sailaja,Holburn
Claudi,Stanfel
Kien,Bennis
Qingxiang,Swan
Yongmao,Fontan
Tru,Danecki
Pranas,Narwekar
Armond,Perly
Sivanarayana,Ranka
Xiaoqiang,Cardazo
Rayond,Klassen
Peer,Molberg
Ingmar,Kohling
Shirish,Vickson
Arfst,Chepyzhov
Prasadram,Qiwen
Gopalakrishnan,Angel
Dinkar,Hoppenstand
Flemming,Kroha
Munehiro,Manders
Sven,Speer
Pramod,Loncour
Sahrah,Angiulli
Shuichi,Anick
Francoise,Rullman
Aiichiro,Cromarty
Byong,Gustavson
Xiaocheng,Suermann
Ashish,Vidya
Lena,Lenart
Otmar,Engberts
Masami,Puoti
Yuchang,Eldridge
Yannik,Spelt
Abdelwaheb,Denis
Horward,Marzano
Jianhao,Molenaar
Panayotis,Lukaszewicz
Shay,Servieres
Mokhtar,Poupard
Jiong,Garnham
Almudena,Genin
Eckart,Foong
Unal,DuBourdieux
Kristine,Bierman
Aemilian,Kusalik
Marsal,Acton
Subhrajyoti,Denna
Moie,Zastre
Susanna,Reeken
Demos,Asser
Reinhard,Slaats
Poorav,Laventhal
Sibyl,Rabehasaina
Poornachandra,Zielinski
Yuping,Babb
Shigenori,Deville
Nahid,Gyimothy
Perla,Orlowska
Tesuya,dAstous
Saddek,Farris
Abdulah,Pocchiola
Djenana,Marrevee
Szabolcs,Georgatos
Sangeeta,Kalefeld
Stein,Uludag
Miyeon,Billingsley
Matt,Chvatal
Valdiodio,Schlumberger
Badri,Schapire
Lein,Delaune
Kazuhiko,Kushner
Annemarie,Zallocco
Limsoon,Erol
Gopalakrishnan,Suermann
Leaf,Awdeh
Hidefumi,Moehrke
Chiranjit,Dredge
Annemarie,Bressoud
Perry,Chachaty
TRUE,Shobatake
George,Miake
Remmert,Quaggetto
Masasuke,Genin
Ipke,Kieras
Ramalingam,Remmele
Mooi,Cooman
Giordano,Gini
Herbert,Erva
Gio,Murtha
Macha,Schnabel
Mikhail,Rousseau
Garnik,Luce
Francesca,Azuma
IEEE,Kroll
Yuriy,Plump
Bilhanan,Brendel
Takanari,Pelc
Nahla,Smailagic
Berry,Yurek
Filipe,Erol
Fabrizio,Lichtman
Harjit,Terekhov
Kwangho,Petereit
Dulce,Magliocco
Pohua,Tasistro
Paloma,Henseler
Gilbert,Kilgour
Moni,Schach
Mokhtar,Sherertz
Ewing,Millington
Jamaludin,Fordan
Tadahiro,Backhouse
Bezalel,Radivojevic
Renny,Alameldin
Yinghua,Lorho
Kolar,Puppo
Shahar,Negoita
Dietrich,Crabtree
Toshiki,Raney
Takushi,Brattka
Torsten,Slobodova
Trygve,Siksek
Nectarios,Pramanik
Chandrasekaran,Pearson
Goetz,Alvarado
Etsuo,Anandan
Nitsan,Rouquie
Nikolaus,Yetto
Peternela,Klerer
Barry,Ramsak
Tesuya,Bugrara
Alselm,Gargeya
Murthy,Angiulli
Khalid,Lenart
Fay,Sundgren
Etsuo,Usery
Seongbae,Sluis
Cedric,Riefers
Zissis,Lodder
Kotesh,Chachaty
Baziley,Ballarin
Kellie,Heydon
Luerbio,Terkki
Tzu,Impagliazzo
Foong,Aamodt
Irena,Dratva
Sverrir,Gyimothy
Keiichiro,Feldmann
Gro,Prochazka
Anneli,Joslin
Gio,Heuser
Tianruo,Speer
Henk,Anger
Sampalli,Bergere
Jayesh,Spinelli
IEEE,Raczkowsky
Berna,Nanard
Yechezkel,Maginnis
Insup,Reinhard
Almudena,Rijckaert
Huan,Olivero
Adel,Foote
Brendon,Fritzsche
Guadalupe,Perri
Annemarie,Irland
Miomir,Frezza
Uno,Suppi
Vishv,Angelov
Minghong,Cronin
Tadahiko,Pocchiola
Abdulla,Kitai
Susumu,Brender
Vesna,Fairtlough
Guangming,Marquardt
Sugwoo,Michaels
Arunas,Bugrara
Bilhanan,Dusink
Oscal,Ernst
Heather,Luef
Mizuhito,Kobara
TRUE,Tischendorf
Shrikanth,Ramaiah
Kolar,Greenaway
Mack,Staylopatis
Temple,Cyre
Francesca,Chorvat
Cedric,Molenaar
Jagoda,Anguita
Uri,Lampe
Emran,Miara
Atilio,Olivero
Limsoon,Boudaillier
Bluma,Fetvedt
Wuxu,Poupard
Maya,Anandan
Herb,Murrill
Tomokazu,Pargas
Richara,Sudkamp
Hidde,Papsdorf
Miyeon,Burnard
Bingning,Iisaku
Frazer,Flanders
Kazuyasu,Levergood
Paddy,Nittel
Bowen,Deverell
Kazunori,Perz
Abdulah,Lodder
Marjo,Delgrange
Arch,Basawa
Mokhtar,Rebaine
Masoud,Suwa
Boaz,Seuren
Rosli,Butner
Poorav,Clouatre
Shigenori,Hertweck
Arunachalam,Oppitz
Filipp,Winter
Gift,Bottner
Manohar,Kilgore
Zhongwei,Melski
George,Casperson
Alper,Tiemann
Shuzo,Czaja
Tianruo,Strooper
Shih,Shanbhogue
Seongbae,Schahn
Xiaobin,Narlikar
Tzu,Bakhtari
Masako,Bahk
Chiranjit,Constantine
Xiong,Anick
Abdelghani,Lagarias
Valeska,Lupu
Sajjan,Falby
Jaana,Milicia
Snehasis,Muhlberg
Percy,Sudbeck
Hideyuki,Decleir
Ute,Pokrovskii
Ayonca,Matzov
Gopalakrishnan,Pehl
Dmitry,Velardi
Nechama,Gaughan
Jolita,Neimat
Steen,Gubsky
Georgi,Luiz
Ranga,Sommen
Alexius,Plavsic
Kish,Turnbull
Hinrich,Hooghiemstra
Yucel,Bernini
Pintsang,Impagliazzo
Divier,Kumaresan
Utpal,DuBourdieux
Shichao,Iwayama
Bezalel,Tsunoo
Moty,Sommen
Mitsuyuki,Zockler
Chaosheng,Conta
Zito,Alvarado
Gill,Niizuma
Keung,Simmel
Sanjeeva,Peron
Sachem,McDermid
Thodoros,Thimonier
Insup,Hainaut
Stafford,Terlouw
Huiqun,Trystram
Gunilla,Brendel
Armond,Lores
Mamdouh,Lodder
Mohan,Chepyzhov
Tonny,Couchot
Serenella,Couchot
Huan,Roccetti
Oldrich,Cyre
Heejo,Merle
Duke,Picaronny
Halsur,Brodal
Bezalel,Jording
Hongzue,Barbanera
Ioana,Jakobus
Heather,Pehl
Stabislas,Pardalos
Pascal,Bernatsky
Anyuan,Hanratty
Shaowei,Nicolson
Adhemar,Dalphin
Sushant,Riefers
Mountaz,Reinhart
Mariusz,Zolotykh
Tayeb,Veevers
Jaber,Falco
Weiwu,Butner
Przemyslawa,Esposito
Xiaoqiang,Farrow
Palash,Gammage
Xiahua,Gomatam
Shuichi,Marrakchi
Conal,Magliocco
Stepehn,Bouloucos
Kwok,Journel
Mingdong,Baar
Vugranam,Beausoleil
Reinhold,Rahier
Hatem,Birsak
Sasan,Brookner
Dzung,Pargas
Fei,Rebaine
Masako,Kornatzky
Jianhua,Huttel
Berni,Assaf
Mark,Lindqvist
Gila,Ramsak
Volkmar,Czaja
Wonhee,Vrecion
Mrinalini,Holburn
Chinho,Bottner
Mayuko,Vural
Lorien,Lagarias
Subbu,Kaiserswerth
Jixiang,Loncour
Tamiya,Reutenauer
Izaskun,Moffat
Pramod,Bierman
Kayoko,Attimonelli
Piyush,Gill
Hideo,Buchter
Danny,Lowrie
Dinkar,Sinicrope
Shakhar,Ranze
Atreye,Kabayashi
Mingsen,Lally
Mechthild,Zongker
Abdulah,Horswill
Fusako,Schwartzbauer
Khalil,Mapelli
Zdislav,Solares
Baoqiu,Tomescu
Leandro,Swist
Noritoshi,Bakhtari
Siddarth,Luke
Bogdan,Bahi
Navid,Staudhammer
Kensei,Salverda
Susuma,Kleiser
Miquel,Halloran
Fan,Marsiglia
Zsolt,Anily
Sumant,Nishimukai
Zvonko,Serdy
Anwar,Gubsky
Parke,Serna
Mart,Plumb
Mokhtar,Sabnani
Toshimi,Kragelund
Moie,Tempesti
Susuma,Tagansky
Jordanka,Axelband
Mayuri,Flowers
Irena,Kaiserswerth
Wojceich,Honglei
Narain,Mikschl
LiMin,Teitelbaum
Somnath,Uhrik
Vitali,Dayang
Rimli,Walston
Naftali,Kragelund
Ulises,Frolund
Shunichi,Baer
Domenico,Wendorf
Dannz,Zhang
Hatem,Bierbaum
Taisook,Kampfer
Somnath,Nitsche
Odoardo,Tyugu
Yuchang,Busillo
Tsutomu,Neiman
Gully,Mitchem
Surveyors,Muhling
Mitsuyuki,Isard
Holgard,Hegner
Minghong,Candan
Divine,Hofmeyr
Yolla,Kobara
Brigham,Asmuth
Wayne,Baba
Hongzhu,Beetstra
Gunilla,Matzen
Mingsen,Weiland
Prodip,Ritcey
Ranga,Waymire
Yefim,Pettey
Satyanarayana,Brandsma
Vojin,Laventhal
Limsoon,Leppanen
Shen,Yamaashi
Ayakannu,Heinisuo
Jiann,Munro
Uma,Prampolini
Holgard,Stavenow
Mari,Swick
Sajjad,Vecchi
Isaac,Klerer
Atilio,Randi
Hideyuki,Flanders
Gift,Solares
Alois,Sanella
Yongmin,Sidje
Vitali,Rothenberg
Uzi,Kugler
Rayond,Schach
Herbert,Itzigehl
Michaela,Fandrianto
Shaunak,Solovay
Boaz,Bottner
Caolyn,Poujol
Sudhanshu,Toyoshima
Koldo,Peternell
Munenori,Shobatake
Jaana,Werthner
Hidefumi,Saoudi
Jeanna,Ghandeharizadeh
Maren,DuCasse
Niranjan,Debuse
Hugo,Comte
Chiranjit,Lyonns
Vasilii,Verhaegen
Niteen,Ebeling
Lenore,Badache
Hironoby,Farrar
Jahangir,Hofting
Kish,Herbst
Heeju,Lorys
Ipke,Farrar
Phillip,Fontet
Zijian,Covnot
Khosrow,Sommen
Fumitake,Marchegay
Parke,Staylopatis
Masanao,Papastamatiou
Hideo,Ratnakar
Alper,Shinomoto
Nahla,Serdy
Xinglin,Haldar
Nahum,Codenie
Zijian,Lammel
Candida,Felcyn
Chenxi,Pusterhofer
Fay,Bellmore
Nathalie,Foote
Cullen,Mikschl
Sanjai,Kopetz
Fun,Seiwald
Ishfaq,Mahmud
Pintsang,Fujisawa
Duri,Beznosov
Oksana,Redmiles
Theron,Ressouche
Martijn,Azevdeo
Gal,Ranta
Moto,Kobara
Anneke,Hammerschmidt
Nahum,Schahn
Xiaocheng,Kumaresan
Theron,Ravishankar
Lena,Kohling
Kellyn,Bage
Arnould,Buescher
Utpal,Zaumen
Jaques,Nanard
Toshimitsu,Seuren
Behnaam,Bierbaum
Nahum,Nishimukai
Sigeru,Versino
Woody,Trelles
Steve,Dengi
Youjian,Felder
Elliott,Speer
Sasan,Deville
Shigeaki,Gihr
Jovan,Hockney
Sailaja,Negoita
Aamod,Ranka
Vidar,Ozeki
Mooi,Perfilyeva
Randi,Munos
Troy,Kobuchi
Kauko,Narwekar
IEEE,VanScheik
Shay,Heystek
Masoud,Asmuth
Yifei,Birjandi
Cristinel,Gerlach
Susumu,Swiss
Horward,Khasidashvili
Vivian,Hennebert
Bedrich,Rosenbaum
Nikolaus,Akaboshi
Bowen,Narwekar
Fai,Maccarone
Soenke,Lemarechal
Hilari,Vecchio
Zijian,Rindone
Fox,Lodder
Boalin,Byoun
Kwangjo,Menhardt
Gregory,Collavizza
Shaowen,Poulakidas
Tsvetan,Sherertz
Shigehiro,Oxenboll
Lalit,Blokdijk
Constantijn,Rusterholz
Danai,Trelles
Gita,Rodier
Siamak,Gomatam
Faiza,Bach
Ebru,Doering
Uriel,Georg
Menkae,Showalter
Khatoun,Pulkowski
Masaru,Huhdanpaa
Shridhar,Chvatal
Hongzue,Zultner
Georgi,Bednarek
Bernd,Thummel
Ziya,Tokunaga
Shuky,Journel
Hideyuki,Slaats
Syozo,Maliniak
Moti,Steenbeek
Fumiya,Griswold
Sanjay,Litecky
Jungsoon,Bail
Takanari,Ermel
Marl,Fiebach
Claudi,Ruemmler
Siddarth,Rosiles
Ashish,Candan
Hironobu,Brodie
Vesna,Lammel
Caolyn,Ozeri
Tomoyuki,Vigier
Fun,Keirsey
Kauko,Fujisawa
Xuejun,Pfau
Jacopo,Bellone
Moon,Pews
Eben,Calkin
Val,Barvinok
Chiranjit,Serot
Shawna,Chiodo
Kankanahalli,Ciolek
Shaz,Driscoll
Mariangiola,Heyers
Charmane,Simmen
Pranav,Berztiss
Bokyung,Plump
Dipayan,Geffroy
Palash,Spieker
Kamakshi,Bahl
Wilmer,Luke
Boutros,Awdeh
Lokesh,Saoudi
Tesuya,Mansanne
Cathie,Ratnakar
Irena,Terkki
Vasilis,Ginneken
Marc,Bahl
Sailaja,Fujisaki
King,Benzmuller
Kamakshi,Badache
Florina,Litecky
Zita,Syang
Fumitake,Sichman
Luisa,Itzfeldt
Denny,Shobatake
Patricio,Itzfeldt
Hilari,Christ
Yishai,Sessa
Angus,Jullig
Kamakshi,Manders
Poornachandra,Asser
Bodo,Halevi
Danae,Kragelund
Oguz,Schurmann
Martins,Shokrollahi
Pranay,Kambil
Florian,Uhrig
Yannik,Falco
Shigehito,Duclos
Kersti,Granlund
Fai,Breugel
Subhada,Janetzko
Jeanna,Rettelbach
Weidon,Pollacia
Toshimitsu,Sluis
Muneo,Gunderson
Marko,Velardi
Deborah,Kaminger
Krisda,Hainaut
Jeanna,Bratten
Valery,Babb
Zengping,Kakkar
Anestis,Setlzner
Eberhardt,Spelt
Manu,Junet
Basem,Beausoleil
Jeanne,Kaminger
Morris,Fargier
Yechezkel,Yurov
Masami,Merro
Georgi,Portugali
Marek,Tomescu
Naraig,Snyers
Kitty,Kolvik
Martien,Ranum
Parviz,Picco
Malu,Ossenbruggen
Alexius,Crouzet
Tommaso,Raczkowsky
Fei,Erez
Shridhar,Chleq
Geoffrey,Ladret
Irene,Sethi
Tsz,Daescu
Bikash,Vilarrasa
Uno,Solares
Mayuri,Werthner
Yongqiao,Cochrane
Jolita,Claffy
Sahrah,Mitchem
Willard,Verspoor
Etsuo,Andreotta
Dekang,Tsunoo
Frazer,Candan
Divier,Ishibashi
Xiadong,McClurg
Duri,Mitina
Kazuhisa,Riesenhuber
Tonia,Shigei
Gudjon,Kalorkoti
Kitty,Halloran
Ronnie,Denos
Koichi,Grabner
Otmar,Brandsma
Martine,Cangellaris
Goncalo,Barbanera
Weiwu,Lamma
Anneli,Pappas
Geoff,Peck
Mitsuyuki,Jeansoulin
Leen,Peak
Hsiangchu,Taubenfeld
Mototsugu,Prampolini
Elvia,Schwartzburd
Remco,Duclos
Harjit,Ernst
Mohamadou,Grabner
Marco,Jahnichen
Tadanori,Msuda
Wuxu,Kuhnemann
Somnath,Bierbaum
Bernd,Anick
Elliott,Copas
Ipke,Schneeberger
Chinho,Delgrande
Aris,Sambasivam
Dayanand,Wielonsky
Juyoung,Willoner
Prasadram,Piazza
Juyoung,Peltason
Ewing,Baak
Shigeo,Emmart
Conal,Shackell
Mrinalini,Bierbaum
Alain,Lieberherr
Nectarios,Itschner
Adamantios,Heemskerk
Laurentiu,Morton
Kannan,Meriste
Nathalie,Luke
Tokuyasu,Xiaoshan
Gio,Orsini
Shooichi,Vandervoorde
Valeska,Rosenbaum
Bouchung,Zaumen
Josyula,Motley
Oscar,Oppitz
Arvin,Pusterhofer
Danel,Petereit
Kazuhiko,Gornas
Kazuhide,Snedden
Michaela,Otillio
Gino,Uehara
Arunachalam,Magliocco
Ymte,Dalton
Heon,Broomell
Nikolaos,Bamford
Ung,Orlowski
Susuma,Kitsuregawa
Mariangiola,Bolsens
Mabhin,Eastman
Hidde,Riexinger
Atilio,Rajala
Frazer,Barbanera
Willard,Morrin
Raimond,Solovay
Shawna,Krider
Khosrow,Erez
Niranjan,Lamba
Shigeaki,Butner
Garnik,Randt
Aemilian,Zedlitz
Zhaofang,Falster
Mariangiola,Bashian
Renny,Bednarek
Shichao,Thiria
Kenton,Miara
Abdulah,Remmele
Junichi,Rubsam
Jagoda,Uhrig
Takushi,Strehl
Uma,Stranks
Joydip,Krone
Tsutomu,Tetzlaff
Constantijn,Lichtman
Heping,Monarch
Wojceich,Butterworth
Mariusz,Tokunaga
Seshu,Kolvik
Danco,Luff
Kagan,Dredge
Changho,Veevers
Nathan,Vendrig
Theron,Itschner
Jacqueline,Zallocco
Salvador,Peres
Xuejun,Reeker
Vasilis,Waleschkowski
Moni,Staudhammer
Alagu,Vieri
Paddy,Zumaque
Yongdong,Jiang
Paris,Range
Guther,Conia
Jahangir,Kroft
Shahaf,Luce
Kaijung,Mateescu
Supot,Badache
Danco,Rajala
Serap,Bahi
Zejun,Broomell
Xudong,Muntz
Karsten,Kawashima
Huican,Lunn
Gaurav,Fendler
Sandeepan,Kulisch
Gopalakrishnan,Mawatari
Weijing,Viele
Utpal,Kemmerer
Mamdouh,Ramamoorthy
Feiyu,Hemaspaandra
Torsten,Ranta
Mariusz,Ritcey
Jaques,Navazio
Haldun,Compeau
Jaques,Gecsei
Adil,Kieras
Ronghao,Alpin
Jamaludin,Kalorkoti
Hatsukazu,Rosca
Ghassan,Androutsos
Chenyi,Demian
Nimmagadda,Kusakari
Theron,Billawala
Bader,Detkin
Hugh,Senzako
Kazuyasu,Schmiedel
Mona,Luck
Alassane,Wolniewicz
Seshu,Hiraishi
Limsoon,Roohalamini
Adas,Chinen
Subhada,Emmerich
Yongqiao,Francisci
Bartek,Vendrig
Tadanori,Fujisawa
Fumiya,Chappelet
Ung,Honglei
Jiann,Hofmeyr
Ranan,Marsiglia
Renny,Gladwell
Erzsebet,Setiz
Xiong,Roisin
Janalee,Lanzelotte
Kersti,Marsiglia
Khalil,Gien
Amabile,Koyama
Bedir,Reeken
Masamitsu,Back
Visit,Thiran
Alassane,Ramsay
Hideo,Varman
Poorav,Ranst
Adamantios,Matzat
Arfst,Uehara
Irena,Gulla
Alair,Straney
Kwangjo,Hiltgen
Arve,Bergere
Nitsan,Nollmann
Takahiro,Maquelin
Flemming,Driscoll
Toshiko,Ibel
Nalini,Perly
Qunsheng,Birrer
Bojan,Montresor
Tomofumi,Serna
Make,Olivero
Keiichiro,Miyakawa
Wonhee,Benveniste
Monique,Baer
Greger,Babb
Takushi,Skogmar
Sahrah,Rosis
Shim,Versino
Brigham,Borstler
Moie,Lieblein
Kazuhide,Fiutem
Yinghua,Panwar
Feixiong,Schurmann
Berthier,Pramanik
Jaques,Standera
Conal,Basart
Genta,Pepe
Dietrich,Kranzdorf
Sham,Chiodo
Olivera,Bharadwaj
Hercules,Speer
Subir,Greibach
Ohad,Henders
Wojceich,Limongiello
Feixiong,Haraldson
Dines,DeMori
Kazuhide,Biran
Sumant,Thambidurai
Erez,Luft
Kerhong,Lorho
Lena,Giaccio
Shaw,Varman
Rasikan,Barreiro
Lidong,Swist
Charlene,Verspoor
Mari,Plessier
Kousuke,Levasseur
Gunilla,Kisuki
Douadi,Sullins
Sandeepan,Rosti
Tzvetan,Scharstein
Snehasis,Kalsbeek
Filipp,Hasham
Fabrizio,Usery
Manton,Schapiro
Miquel,Legleitner
Chinho,Collette
Aimee,Billawala
Leszek,Marchegay
Claudi,Heijenga
Ravishankar,Baig
Martijn,DiGiano
Zengping,Cusworth
Navid,Luke
Mona,Hebden
Siddarth,Masada
Terresa,Milicia
Aksel,Gire
Christfried,Atrawala
Shir,Krone
Marke,Klerer
Bernd,Conia
Shaw,Kading
Vatsa,Ramsay
Heping,Skrikant
Kousuke,Worfolk
Irena,Cesareni
Xinglin,Busillo
Prasadram,Bultermann
Udi,Rullman
Berna,Schonegge
Eldridge,Kawashima
Heping,Peac
Randi,Alblas
Oscar,Baumann
Apostol,Gruenwald
Tuval,Albarhamtoshy
Van,Nations
Gaurav,Roison
Masako,Dechter
Ebru,Valtorta
Fay,Cochrane
Hercules,Kabayashi
DAIDA,Nooteboom
Yuping,Papastamatiou
Takahiro,Dalton
Aram,Passino
Dannz,Miara
Gennady,Rouquie
Dmitri,Rousseau
Aleksander,Schaaf
Maria,Miculan
Kirk,Zongker
Stabislas,Kakkad
Heeju,Kemmerer
Paris,Restivo
Make,Heuser
Martijn,Jeong
Kamakshi,Hebert
Shiv,Baezner
Shiv,Vilarrasa
Anyuan,Schwaller
Mong,Dichev
Mart,Talmor
Chiradeep,Arlazarov
Haldun,Syang
Jahangir,Bernatsky
Fumitaka,Quittner
Mabry,Knightly
Hinrich,Perin
Selwyn,Henseler
Udo,Waymire
Gill,Orlowska
Eldridge,Pargaonkar
Selwyn,Munoz
Saeed,Bahl
Boalin,Tramer
DAIDA,Frolund
Sedat,Rande
Chanjung,Raoux
Yuriy,Ponthieu
Jaihie,Ozeri
Jacopo,Krohm
Bedrich,Isard
Radhika,Bonifati
Subir,Miake
Bartek,Snyers
Arra,Esposito
Taiji,Berstel
Shigeichiro,Brattka
Fei,Gadepally
Gou,Thombley
Alair,Nanard
Mari,Fargier
Lobel,Aloia
Aran,Rosenbaum
Gao,Lally
Berni,Takkinen
Chinya,Leslie
Arne,Kohling
Ewing,Rajala
Fai,Keirsey
Stein,Perng
Sugwoo,Weiland
Mohammed,Georg
Gina,Ossenbruggen
Nechama,Ermel
Xiaoqiu,Pietracaprina
Kamakshi,Schusler
Mohan,Picht
Manohar,Rothenberg
Soenke,Zaumen
Khoa,Bahk
Luisa,Baig
Mang,Sundgren
Ranga,Plesums
Weiye,Krohm
Qiwen,Kriebel
Giao,DuCasse
Peer,Angelopoulos
Tetsurou,Schreiter
Aloke,Neiman
Shounak,Dratva
Gay,Plavsic
Jinpo,Heyers
Sorina,Lakshmanan
Xumin,Beidas
Xudong,Peck
Berna,Ranst
Indrajit,Krogh
Yakichi,Naumovich
Florian,Siepmann
Foong,Gargeya
Jackson,Zielinski
Arch,Picco
Florian,Tramer
Thanasis,Standera
George,Atchley
Mabhin,Foote
Shahaf,Kitai
Ramya,Azadmanesh
Kaijung,Papadias
Val,Rissanen
Pramod,Wendorf
Mohit,Verhaegen
Hirochika,Goldhammer
Yuping,Sethi
Adly,Hambrick
Munehiko,Gihr
Yoshinari,Lanteri
Remzi,Mitzlaff
Shietung,Gelosh
Mrinalini,Mawatari
Sreenivas,Versino
Deborah,Basawa
Sumali,Cooman
Sampalli,Francisci
Paloma,Gerlach
Larisa,Murtafg
Somnath,Cummings
Itzchak,Penn
Jinxi,Schmiedel
Ramya,Rossi
Jaber,Sethi
Alenka,Barriga
Huiqun,Henders
Abdelghani,Nyrup
Berna,Comellas
Stafford,Gist
Tokuyasu,Ghelli
Vidar,Gunderson
Shahid,Varman
Mrinalini,Gire
Lakshmi,Frijda
Kwan,Kampfer
Herb,Picht
Temple,Danlos
Hiroyasu,Strandh
Bezalel,Verhoeff
Yechezkel,Nourani
Boalin,Birsak
Stepehn,Markovitch
Przemyslawa,Borovoy
Nahum,Lambe
Mariusz,Rikino
Margareta,Bondorf
Kiyotoshi,Hennebert
Sivanarayana,Chandrasekhar
Tsuneo,Skrikant
Huei,Saoudi
Kamakshi,Huhdanpaa
Ranga,Lemarechal
Sachin,Zlotek
Baziley,Brookner
Nadjib,Comellas
Baruch,Basawa
Weiyi,Codenie
Aiman,Wilfing
Hongzhu,Ruemmler
Halsur,Ibel
Neven,Rikino
Arif,Stranks
Chaosheng,Shobatake
Hein,Jonsson
Reuven,Oehlmann
Zhiguo,Staudhammer
Nigel,Zirintsis
Feiyu,Decleir
Basem,Lortz
Arun,Zaccaria
Kazuhiko,Marshall
Godehard,Chinal
Yahiko,Sommen
Jungsoon,Gubsky
Xuejia,Leppanen
Zhenbing,Ibel
Weidon,Fordan
Hugo,Sgarro
Khaled,Penn
Pantung,Reeker
Shin,Puoti
Avishai,Majewski
Ung,Taubenfeld
Sungwon,Kornyak
Sugwoo,Eugenio
Monique,Cyre
Mayuko,Clouatre
Zongyan,Shackel
Rasikan,Khalil
Genevieve,Snedden
Fumiyo,Feinberg
Christophe,Leaver
Shigeaki,Lanteri
Rimon,Pietracaprina
Girolamo,Schlumberger
Khun,Spieker
Reinhold,Binkley
Doohun,Preusig
Yuping,Kuhnemann
Terresa,Vigier
Nikolaos,Lorch
Marit,Paludetto
Bluma,Mundy
Fumino,Narahara
Doowon,Schoegge
Djenana,Erol
Yuichiro,Bale
Arun,Katzenelson
Shaw,Borovoy
Pradeep,Valiente
Hidekazu,Perna
Ewing,Kalorkoti
Randi,Tomescu
Kayoko,Bahi
Masamitsu,Murrill
Sukumar,Georg
Suebskul,Menhardt
Uinam,Rahier
Gaurav,Cheshire
Deniz,Bennis
Anoosh,Wielonsky
Weiru,Burnard
Gina,Decaestecker
Shigehiro,Haldar
Luisa,Chelton
Amabile,Crelier
Margareta,Polajnar
Teiji,Marrakchi
Haldun,Erie
Taegyun,Vieri
Sven,Hinsberger
Kwangyoen,Peck
Jayson,Zockler
Jouni,Conia
Shaowei,Back
Shaunak,Brizzi
Aral,Hebden
Duke,Journel
Phillip,Munch
Rosita,Pokrovskii
Hausi,Kamber
Marek,Mitchem
Sham,Kavanagh
Dung,Tanemo
Manton,Lueh
Perry,Cooman
Herbert,Hammerschmidt
Phule,Ruemmler
Gladys,Parhami
Keiichiro,Armand
Rafael,Menhoudj
Munehiro,Iwayama
Yoshimitsu,Litvinov
Mahmut,Bolotov
Yefim,Bernardeschi
Geoffrey,Siochi
Yagil,Remmers
Jaber,Feldmann
Matt,Ruemmler
Tonny,Kropf
Zhigen,Raney
Uno,Jayawardene
Jaewon,Mansanne
Ekawit,Schaft
Francoise,Hegner
Leah,Luke
Denis,Narlikar
Changho,Gaughan
Kensyu,Tsunoo
Breannda,Maquelin
Georgy,Bennis
Irena,Baalen
Jiong,Zultner
Mihalis,Remmers
Nimmagadda,Baja
Wuxu,Garigliano
Kendra,Junet
Bogdan,Pepe
Matk,Chorvat
Kersti,Miculan
Satoru,Janetzko
Kazunori,Orlowska
Lalit,Lindqvist
Luise,Vigier
Zita,Reistad
Younwoo,Samarati
Kwangsub,Keirsey
Panayotis,Hempstead
Gill,Varman
Saniya,Broomell
Charmane,Pargas
Gadiel,Perly
Valeska,Cools
Udo,Ratnakar
Heekeun,Verhaegen
Sanjoy,Porenta
Goetz,McAffer
Hironoby,Jakobus
Muzhong,Berztiss
Sachem,Msuda
Shaleah,Pileggi
Leni,Kropatsch
Morrie,Iisaku
Phule,Dahlbom
Masasuke,Koprowski
Bezalel,Himler
Yongmao,Pouyioutas
Geoffrey,Panienski
Pranjal,Reinhard
Giordano,Maquelin
Danco,Debuse
Oldrich,Adachi
Sanjiv,Bressoud
Fayez,Keohane
Paris,Lieblein
Reinhard,Erde
Gritta,Petereit
Shuho,Laurillard
Caolyn,Marciano
Naraig,Docker
Geraldo,Gerteisen
Florian,Pezzoli
Sanjay,Ciolek
Arumugam,Pelc
Nechama,Kandlur
Urs,Rande
Padma,Delgrange
Danae,Honglei
Baoqiu,Kakkar
